,total,data,pde,border
0,0.28188812732696533,0.5139010548591614,0.04987538978457451,1.302320122718811
1,0.09463507682085037,0.13569553196430206,0.053574640303850174,0.6629272699356079
2,0.04965442046523094,0.045471206307411194,0.05383766442537308,0.5494962930679321
3,0.0410131961107254,0.03127555549144745,0.05075082927942276,0.47140467166900635
4,0.037066519260406494,0.025106947869062424,0.04902607575058937,0.40293586254119873
5,0.03469635546207428,0.021379128098487854,0.048013534396886826,0.3531377911567688
6,0.033038727939128876,0.0187723096460104,0.0473051518201828,0.3179575204849243
7,0.031928133219480515,0.01708495430648327,0.04677131399512291,0.29209375381469727
8,0.03109000436961651,0.015862734988331795,0.04631725326180458,0.27215006947517395
9,0.030462995171546936,0.01498495601117611,0.04594104364514351,0.2563687264919281
10,0.029970413073897362,0.014316459186375141,0.04562436789274216,0.24354656040668488
11,0.029570601880550385,0.013785766437649727,0.04535545036196709,0.23294700682163239
12,0.029237670823931694,0.013349815271794796,0.045125532895326614,0.22407874464988708
13,0.028955116868019104,0.01298364344984293,0.04492659866809845,0.21658718585968018
14,0.028710395097732544,0.012669124640524387,0.04475165903568268,0.21019414067268372
15,0.02849586494266987,0.012395977042615414,0.04459575563669205,0.20468690991401672
16,0.028306124731898308,0.012157173827290535,0.04445508494973183,0.1999026983976364
17,0.028136886656284332,0.011947034858167171,0.04432673379778862,0.19571471214294434
18,0.027984917163848877,0.011761262081563473,0.04420855641365051,0.1920224130153656
19,0.02784753032028675,0.011596146039664745,0.04409891366958618,0.18874406814575195
20,0.02772238478064537,0.011448197066783905,0.04399656504392624,0.18581484258174896
21,0.027607621625065804,0.011314679868519306,0.043900541961193085,0.1831849217414856
22,0.027501918375492096,0.011193576268851757,0.043810270726680756,0.18081404268741608
23,0.027404233813285828,0.011083331890404224,0.04372512921690941,0.17866761982440948
24,0.0273135993629694,0.010982541367411613,0.043644677847623825,0.17671531438827515
25,0.027229484170675278,0.010890384204685688,0.04356857389211655,0.17493140697479248
26,0.027151718735694885,0.010806713253259659,0.04349672794342041,0.1732957363128662
27,0.027079788967967033,0.010730582289397717,0.043428994715213776,0.1717921793460846
28,0.027011090889573097,0.01065745111554861,0.04336472600698471,0.17040303349494934
29,0.026944562792778015,0.010585828684270382,0.04330330342054367,0.1691117286682129
30,0.026880677789449692,0.010516532696783543,0.043244823813438416,0.16790632903575897
31,0.026819223538041115,0.010449133813381195,0.04318932443857193,0.16677236557006836
32,0.0267611276358366,0.010385489091277122,0.043136775493621826,0.1657012403011322
33,0.026705928146839142,0.010325131937861443,0.04308672249317169,0.1646878570318222
34,0.02665354683995247,0.010268137790262699,0.04303895682096481,0.16372784972190857
35,0.026603898033499718,0.01021438930183649,0.04299340024590492,0.16281765699386597
36,0.02655693329870701,0.010163914412260056,0.04294995218515396,0.16195446252822876
37,0.026512395590543747,0.010116399265825748,0.04290838912129402,0.16113576292991638
38,0.026469916105270386,0.01007133536040783,0.04286849871277809,0.16035883128643036
39,0.026429198682308197,0.010028209537267685,0.042830172926187515,0.15962010622024536
40,0.02639002539217472,0.009986696764826775,0.04279335215687752,0.15891586244106293
41,0.026352208107709885,0.009946471080183983,0.04275793954730034,0.15824198722839355
42,0.026315582916140556,0.009907294064760208,0.04272385686635971,0.15759508311748505
43,0.026280054822564125,0.009869041852653027,0.042691055685281754,0.15697279572486877
44,0.026245560497045517,0.009831655770540237,0.0426594503223896,0.15637363493442535
45,0.026212066411972046,0.009795142337679863,0.04262900725007057,0.15579693019390106
46,0.0261795986443758,0.009759529493749142,0.042599648237228394,0.15524205565452576
47,0.026148127391934395,0.009724888019263744,0.042571358382701874,0.1547086536884308
48,0.026117628440260887,0.009691240265965462,0.04254400357604027,0.15419697761535645
49,0.026088055223226547,0.009658611379563808,0.04251749441027641,0.15370680391788483
50,0.02605948969721794,0.009627215564250946,0.04249175265431404,0.15323765575885773
51,0.02603231929242611,0.009597781114280224,0.042466871440410614,0.15278714895248413
52,0.026006832718849182,0.009570809081196785,0.04244285076856613,0.15235048532485962
53,0.02598271705210209,0.009545796550810337,0.04241963475942612,0.15192298591136932
54,0.025959424674510956,0.009521747007966042,0.04239710047841072,0.15150265395641327
55,0.02593659795820713,0.009498009458184242,0.04237520694732666,0.15108975768089294
56,0.02591421827673912,0.009474457241594791,0.04235396534204483,0.15068553388118744
57,0.02589232474565506,0.009451252408325672,0.042333394289016724,0.15029172599315643
58,0.025871044024825096,0.00942861195653677,0.042313482612371445,0.14991015195846558
59,0.02585042454302311,0.009406705386936665,0.04229413717985153,0.14954271912574768
60,0.025830458849668503,0.009385640732944012,0.04227527976036072,0.14919118583202362
61,0.025811119005084038,0.009365401230752468,0.042256832122802734,0.14885590970516205
62,0.025792287662625313,0.009345782920718193,0.042238809168338776,0.14853550493717194
63,0.025773806497454643,0.009326395578682423,0.04222120717167854,0.1482265740633011
64,0.025755610316991806,0.009307071566581726,0.04220413789153099,0.1479254812002182
65,0.025737779214978218,0.009287918917834759,0.0421876385807991,0.1476295292377472
66,0.025720374658703804,0.009269071742892265,0.042171660810709,0.14733777940273285
67,0.025703391060233116,0.009250582195818424,0.042156197130680084,0.14705073833465576
68,0.025686830282211304,0.009232507087290287,0.042141158133745193,0.1467694640159607
69,0.02567070908844471,0.00921490229666233,0.04212652146816254,0.14649511873722076
70,0.025655031204223633,0.009197796694934368,0.04211226478219032,0.1462286412715912
71,0.02563975565135479,0.00918117817491293,0.04209834337234497,0.14597037434577942
72,0.025624852627515793,0.009165001101791859,0.0420847050845623,0.1457201987504959
73,0.025610296055674553,0.009149211458861828,0.042071402072906494,0.14547747373580933
74,0.02559606172144413,0.009133734740316868,0.042058367282152176,0.14524129033088684
75,0.025582097470760345,0.009118524380028248,0.04204566031694412,0.1450105905532837
76,0.025568414479494095,0.009103568270802498,0.04203326255083084,0.14478464424610138
77,0.025554999709129333,0.009088835678994656,0.04202116280794144,0.1445630043745041
78,0.025541851297020912,0.009074332192540169,0.042009372264146805,0.14434535801410675
79,0.025528958067297935,0.009060081094503403,0.04199783876538277,0.14413194358348846
80,0.025516344234347343,0.00904608704149723,0.04198659956455231,0.14392268657684326
81,0.025503963232040405,0.009032346308231354,0.04197559878230095,0.14371781051158905
82,0.02549184300005436,0.00901887658983469,0.04196479916572571,0.14351750910282135
83,0.025479955598711967,0.009005667641758919,0.04195425659418106,0.14332155883312225
84,0.02546830102801323,0.008992699906229973,0.04194389283657074,0.14312995970249176
85,0.02545686438679695,0.008979978039860725,0.041933752596378326,0.1429424285888672
86,0.025445643812417984,0.008967476896941662,0.04192380607128143,0.14275874197483063
87,0.025434618815779686,0.008955179713666439,0.04191404953598976,0.1425786316394806
88,0.02542378194630146,0.008943081833422184,0.041904471814632416,0.14240191876888275
89,0.02541312389075756,0.008931165561079979,0.04189509525895119,0.14222846925258636
90,0.025402653962373734,0.008919427171349525,0.04188589006662369,0.1420581042766571
91,0.025392360985279083,0.00890786200761795,0.04187685623764992,0.14189083874225616
92,0.02538222260773182,0.008896459825336933,0.04186798259615898,0.14172664284706116
93,0.025372248142957687,0.008885226212441921,0.04185926914215088,0.14156554639339447
94,0.02536243572831154,0.008874141611158848,0.0418507419526577,0.14140747487545013
95,0.025352785363793373,0.008863219060003757,0.04184234142303467,0.14125238358974457
96,0.025343267247080803,0.00885244645178318,0.041834089905023575,0.14110039174556732
97,0.025333905592560768,0.008841818198561668,0.04182598739862442,0.14095142483711243
98,0.02532467059791088,0.008831340819597244,0.04181801155209541,0.1408054381608963
99,0.025315579026937485,0.008820999413728714,0.04181016981601715,0.14066237211227417
100,0.025306617841124535,0.008810793980956078,0.04180245101451874,0.1405222862958908
101,0.02529779262840748,0.008800730109214783,0.04179486259818077,0.14038503170013428
102,0.025289081037044525,0.008790800347924232,0.041787367314100266,0.1402505785226822
103,0.02528049796819687,0.008780998177826405,0.041779980063438416,0.14011897146701813
104,0.02527202107012272,0.008771322667598724,0.041772712022066116,0.1399899423122406
105,0.02526364102959633,0.008761770091950893,0.041765522211790085,0.13986356556415558
106,0.025255383923649788,0.008752326481044292,0.04175844043493271,0.13973964750766754
107,0.02524721249938011,0.00874298345297575,0.041751451790332794,0.13961808383464813
108,0.02523912489414215,0.008733726106584072,0.04174453020095825,0.13949866592884064
109,0.025231121107935905,0.008724546059966087,0.041737694293260574,0.13938136398792267
110,0.025223184376955032,0.00871543399989605,0.04173094779253006,0.13926605880260468
111,0.025215324014425278,0.00870637595653534,0.041724272072315216,0.13915257155895233
112,0.025207526981830597,0.008697373792529106,0.04171767458319664,0.13904082775115967
113,0.02519978955388069,0.00868842750787735,0.041711147874593735,0.13893075287342072
114,0.025192130357027054,0.00867955107241869,0.041704703122377396,0.1388223022222519
115,0.02518455684185028,0.00867075752466917,0.041698358952999115,0.13871534168720245
116,0.025177059695124626,0.00866206269711256,0.04169207066297531,0.13860984146595
117,0.025169668719172478,0.008653474040329456,0.04168585687875748,0.13850578665733337
118,0.025162354111671448,0.00864500179886818,0.04167971760034561,0.13840311765670776
119,0.025155141949653625,0.00863663014024496,0.04167366027832031,0.1383017599582672
120,0.025148015469312668,0.008628369309008121,0.041667673736810684,0.1382017582654953
121,0.025140969082713127,0.00862019695341587,0.041661739349365234,0.1381029188632965
122,0.025133999064564705,0.008612116798758507,0.04165587201714516,0.1380053013563156
123,0.025127092376351357,0.008604113012552261,0.04165006801486015,0.13790881633758545
124,0.025120260193943977,0.00859619677066803,0.04164430871605873,0.13781344890594482
125,0.025113489478826523,0.00858834944665432,0.041638631373643875,0.13771909475326538
126,0.02510678581893444,0.008580580353736877,0.0416329987347126,0.13762590289115906
127,0.025100158527493477,0.008572886697947979,0.04162740334868431,0.1375337392091751
128,0.025093577802181244,0.008565264753997326,0.041621897369623184,0.13744261860847473
129,0.02508707530796528,0.00855772104114294,0.041616424918174744,0.13735255599021912
130,0.025080623105168343,0.008550241589546204,0.04161100089550018,0.13726350665092468
131,0.02507423423230648,0.008542832918465137,0.0416056364774704,0.13717538118362427
132,0.025067904964089394,0.008535489439964294,0.04160032793879509,0.13708826899528503
133,0.025061625987291336,0.008528215810656548,0.04159504920244217,0.13700208067893982
134,0.0250554159283638,0.008521000854671001,0.04158981889486313,0.1369168907403946
135,0.025049244984984398,0.00851384550333023,0.041584644466638565,0.13683249056339264
136,0.02504313364624977,0.008506760001182556,0.04157951474189758,0.1367490291595459
137,0.02503708004951477,0.008499730378389359,0.04157443344593048,0.13666647672653198
138,0.025031082332134247,0.008492778986692429,0.041569385677576065,0.1365847885608673
139,0.0250251442193985,0.00848589837551117,0.04156438633799553,0.1365039199590683
140,0.025019267573952675,0.008479095995426178,0.04155942052602768,0.13642385601997375
141,0.025013446807861328,0.00847238302230835,0.0415545329451561,0.13634470105171204
142,0.025007715448737144,0.008465776219964027,0.04154966399073601,0.13626627624034882
143,0.02500206232070923,0.008459283970296383,0.0415448434650898,0.13618861138820648
144,0.024996507912874222,0.008452942594885826,0.04154006391763687,0.13611173629760742
145,0.02499106526374817,0.00844678282737732,0.04153534770011902,0.13603560626506805
146,0.024985766038298607,0.008440862409770489,0.04153068736195564,0.13596013188362122
147,0.024980667978525162,0.008435238152742386,0.041526101529598236,0.13588540256023407
148,0.02497573010623455,0.008429869078099728,0.041521597653627396,0.13581140339374542
149,0.02497071772813797,0.008424308151006699,0.04151712730526924,0.1357383131980896
150,0.024965116754174232,0.008417690172791481,0.04151255637407303,0.13566608726978302
151,0.024958930909633636,0.008410044014453888,0.041507817804813385,0.1355949193239212
152,0.024952881038188934,0.008402653969824314,0.041503120213747025,0.13552531599998474
153,0.024947190657258034,0.008395819924771786,0.04149855673313141,0.1354571431875229
154,0.024941688403487206,0.008389300666749477,0.041494086384773254,0.13538984954357147
155,0.024936305359005928,0.008382943458855152,0.04148966819047928,0.13532330095767975
156,0.024931009858846664,0.008376706391572952,0.04148531332612038,0.13525740802288055
157,0.02492576651275158,0.008370562456548214,0.04148098826408386,0.13519220054149628
158,0.024920592084527016,0.008364497683942318,0.04147668927907944,0.13512767851352692
159,0.024915462359786034,0.008358493447303772,0.0414724238216877,0.13506369292736053
160,0.02491036057472229,0.008352544158697128,0.04146818071603775,0.1350003033876419
161,0.024905305355787277,0.008346647024154663,0.04146396368741989,0.13493753969669342
162,0.024900274351239204,0.008340789005160332,0.04145977646112442,0.13487522304058075
163,0.024895288050174713,0.008334970101714134,0.04145561531186104,0.13481345772743225
164,0.024890325963497162,0.008329189382493496,0.04145146906375885,0.13475216925144196
165,0.024885406717658043,0.008323448710143566,0.04144734889268875,0.13469131290912628
166,0.02488049864768982,0.0083177350461483,0.04144326224923134,0.13463068008422852
167,0.024875624105334282,0.008312053978443146,0.04143919423222542,0.13457050919532776
168,0.024870771914720535,0.008306407369673252,0.04143514484167099,0.1345105767250061
169,0.024865953251719475,0.00830077938735485,0.04143112525343895,0.13445085287094116
170,0.024861155077815056,0.008295179344713688,0.041427139192819595,0.13439133763313293
171,0.024856381118297577,0.008289607241749763,0.04142316058278084,0.13433192670345306
172,0.024851644411683083,0.008284054696559906,0.041419222950935364,0.13427263498306274
173,0.024846907705068588,0.008278523571789265,0.04141530767083168,0.1342134177684784
174,0.024842215701937675,0.008273015730082989,0.04141141101717949,0.13415421545505524
175,0.02483752742409706,0.008267522789537907,0.04140752553939819,0.13409507274627686
176,0.02483285591006279,0.008262052200734615,0.041403669863939285,0.1340358704328537
177,0.024828221648931503,0.008256596513092518,0.041399840265512466,0.13397665321826935
178,0.02482360042631626,0.008251159451901913,0.04139602929353714,0.13391739130020142
179,0.024818995967507362,0.008245746605098248,0.0413922481238842,0.13385814428329468
180,0.02481440268456936,0.008240343071520329,0.041388463228940964,0.1337987780570984
181,0.02480984292924404,0.008234968408942223,0.04138471931219101,0.1337393820285797
182,0.024805312976241112,0.008229609578847885,0.041381001472473145,0.133680060505867
183,0.02480078674852848,0.008224272169172764,0.04137728735804558,0.13362069427967072
184,0.024796277284622192,0.008218959905207157,0.0413735993206501,0.133561372756958
185,0.02479179948568344,0.008213675580918789,0.04136991873383522,0.13350218534469604
186,0.024787329137325287,0.008208416402339935,0.041366253048181534,0.13344299793243408
187,0.024782894179224968,0.008203180506825447,0.04136260971426964,0.13338389992713928
188,0.024778475984930992,0.008197982795536518,0.04135897755622864,0.13332507014274597
189,0.024774085730314255,0.00819280743598938,0.04135536029934883,0.13326629996299744
190,0.02476971223950386,0.008187667466700077,0.041351765394210815,0.13320787250995636
191,0.024765366688370705,0.008182557299733162,0.0413481667637825,0.13314957916736603
192,0.024761036038398743,0.008177476935088634,0.041344594210386276,0.13309165835380554
193,0.024756725877523422,0.008172422647476196,0.041341036558151245,0.13303399085998535
194,0.02475244365632534,0.008167407475411892,0.04133748635649681,0.13297662138938904
195,0.02474818006157875,0.008162411861121655,0.04133395478129387,0.13291968405246735
196,0.024743933230638504,0.008157438598573208,0.04133043438196182,0.13286316394805908
197,0.024739718064665794,0.008152495138347149,0.04132692888379097,0.13280712068080902
198,0.024735506623983383,0.008147572167217731,0.041323449462652206,0.1327514350414276
199,0.02473132126033306,0.008142661303281784,0.04131998121738434,0.1326962262392044
200,0.024727152660489082,0.008137773722410202,0.041316527873277664,0.13264138996601105
201,0.024723010137677193,0.00813290849328041,0.04131310060620308,0.1325869858264923
202,0.024718889966607094,0.00812806561589241,0.04130970314145088,0.13253290951251984
203,0.024714773520827293,0.008123241364955902,0.04130629822611809,0.13247913122177124
204,0.02471068501472473,0.008118434809148312,0.04130292683839798,0.13242565095424652
205,0.024706603959202766,0.008113633841276169,0.04129958525300026,0.13237237930297852
206,0.024702537804841995,0.008108829148113728,0.04129623994231224,0.1323193609714508
207,0.024698469787836075,0.008104012347757816,0.04129291698336601,0.13226647675037384
208,0.024694399908185005,0.008099185302853584,0.04128959774971008,0.1322137415409088
209,0.024690333753824234,0.008094360120594501,0.041286300867795944,0.13216115534305573
210,0.024686289951205254,0.008089549839496613,0.0412830151617527,0.13210876286029816
211,0.024682268500328064,0.008084784261882305,0.04127974808216095,0.13205645978450775
212,0.024678273126482964,0.008080060593783855,0.041276488453149796,0.13200420141220093
213,0.024674315005540848,0.00807537604123354,0.041273247450590134,0.13195210695266724
214,0.024670381098985672,0.008070739917457104,0.041270021349191666,0.1319001466035843
215,0.02466646023094654,0.008066132664680481,0.041266802698373795,0.13184824585914612
216,0.024662571027874947,0.00806155800819397,0.041263602674007416,0.13179641962051392
217,0.024658696725964546,0.008057009428739548,0.04126040264964104,0.1317446380853653
218,0.024654850363731384,0.00805248785763979,0.04125721752643585,0.1316930502653122
219,0.02465100772678852,0.008047981187701225,0.041254039853811264,0.1316414773464203
220,0.0246471855789423,0.008043497800827026,0.04125087335705757,0.1315900683403015
221,0.024643372744321823,0.008039032109081745,0.04124771058559418,0.13153868913650513
222,0.02463957667350769,0.008034597150981426,0.041244566440582275,0.13148753345012665
223,0.02463579922914505,0.008030174300074577,0.04124142974615097,0.13143646717071533
224,0.024632040411233902,0.008025772869586945,0.04123830422759056,0.13138550519943237
225,0.02462829276919365,0.008021396584808826,0.041235197335481644,0.13133472204208374
226,0.02462456002831459,0.008017037063837051,0.04123208671808243,0.13128399848937988
227,0.024620840325951576,0.008012693375349045,0.041228991001844406,0.13123349845409393
228,0.02461714670062065,0.008008373901247978,0.04122591018676758,0.13118304312229156
229,0.024613462388515472,0.008004074916243553,0.04122283309698105,0.1311327964067459
230,0.02460978552699089,0.007999797351658344,0.04121977463364601,0.1310826539993286
231,0.024606136605143547,0.00799553468823433,0.04121672362089157,0.13103266060352325
232,0.024602485820651054,0.007991296239197254,0.041213687509298325,0.13098280131816864
233,0.02459886111319065,0.007987070828676224,0.04121064022183418,0.13093309104442596
234,0.02459525316953659,0.007982868701219559,0.041207630187273026,0.13088347017765045
235,0.02459164522588253,0.007978685200214386,0.04120462015271187,0.13083405792713165
236,0.024588078260421753,0.00797452125698328,0.04120161384344101,0.1307847648859024
237,0.024584507569670677,0.007970377802848816,0.04119862988591194,0.1307356059551239
238,0.02458096109330654,0.007966252975165844,0.04119566082954407,0.13068655133247375
239,0.024577418342232704,0.00796214397996664,0.04119269922375679,0.13063766062259674
240,0.024573899805545807,0.007958054542541504,0.041189756244421005,0.13058893382549286
241,0.024570398032665253,0.00795398373156786,0.04118680581450462,0.13054031133651733
242,0.024566903710365295,0.007949935272336006,0.04118388891220093,0.1304919272661209
243,0.024563442915678024,0.007945900782942772,0.041180968284606934,0.1304435133934021
244,0.024559972807765007,0.007941883988678455,0.041178058832883835,0.13039536774158478
245,0.024556536227464676,0.007937888614833355,0.04117517173290253,0.13034731149673462
246,0.024553101509809494,0.007933912798762321,0.04117230325937271,0.1302994191646576
247,0.0245496928691864,0.007929949089884758,0.0411694310605526,0.1302516758441925
248,0.024546293541789055,0.00792600680142641,0.04116659611463547,0.13020411133766174
249,0.0245429128408432,0.007922077551484108,0.041163746267557144,0.13015669584274292
250,0.024539539590477943,0.007918163202702999,0.04116092622280121,0.13010954856872559
251,0.02453618310391903,0.007914257235825062,0.04115811362862587,0.1300625056028366
252,0.024532834067940712,0.007910357788205147,0.041155315935611725,0.13001583516597748
253,0.024529488757252693,0.00790646206587553,0.04115252569317818,0.12996946275234222
254,0.02452615462243557,0.00790257379412651,0.04114973545074463,0.12992344796657562
255,0.024522831663489342,0.007898692972958088,0.04114696383476257,0.12987779080867767
256,0.02451951801776886,0.007894827052950859,0.04114420339465141,0.12983255088329315
257,0.024516230449080467,0.007890998385846615,0.04114145040512085,0.1297875940799713
258,0.024512970820069313,0.007887217216193676,0.04113871976733208,0.1297430694103241
259,0.02450975589454174,0.007883504033088684,0.0411360003054142,0.12969881296157837
260,0.024506594985723495,0.00787987932562828,0.04113331064581871,0.12965485453605652
261,0.024503501132130623,0.007876349613070488,0.04113065451383591,0.12961120903491974
262,0.024500463157892227,0.007872900925576687,0.04112802818417549,0.12956763803958893
263,0.024497421458363533,0.007869400084018707,0.04112543538212776,0.12952427566051483
264,0.024494200944900513,0.007865565828979015,0.041122835129499435,0.12948089838027954
265,0.02449069358408451,0.007861226797103882,0.04112015292048454,0.129437655210495
266,0.024487057700753212,0.007856735028326511,0.041117388755083084,0.12939506769180298
267,0.024483582004904747,0.007852526381611824,0.04111463204026222,0.12935341894626617
268,0.02448025904595852,0.007848630659282207,0.04111190885305405,0.12931235134601593
269,0.02447705715894699,0.007844903506338596,0.041109200567007065,0.12927144765853882
270,0.024473872035741806,0.007841238752007484,0.04110649973154068,0.1292305439710617
271,0.024470701813697815,0.007837588898837566,0.04110381752252579,0.12918946146965027
272,0.024467535316944122,0.007833939045667648,0.0411011278629303,0.12914830446243286
273,0.024464353919029236,0.007830270566046238,0.041098445653915405,0.12910695374011993
274,0.0244611706584692,0.007826590910553932,0.04109576344490051,0.12906546890735626
275,0.02445799484848976,0.007822897285223007,0.04109309986233711,0.12902389466762543
276,0.024454832077026367,0.007819190621376038,0.04109048470854759,0.12898226082324982
277,0.024451684206724167,0.007815463468432426,0.041087906807661057,0.12894085049629211
278,0.024448545649647713,0.00781170604750514,0.0410853810608387,0.12890024483203888
279,0.024445420131087303,0.007807937916368246,0.04108289256691933,0.12886089086532593
280,0.02444232814013958,0.00780421681702137,0.04108044505119324,0.12882272899150848
281,0.024439342319965363,0.007800668012350798,0.04107801243662834,0.12878534197807312
282,0.02443648874759674,0.007797352969646454,0.04107562080025673,0.12874770164489746
283,0.02443375065922737,0.007794230245053768,0.0410732701420784,0.12870939075946808
284,0.02443099208176136,0.007791052106767893,0.041070934385061264,0.12866991758346558
285,0.024428004398941994,0.007787482813000679,0.041068531572818756,0.12862907350063324
286,0.024424761533737183,0.007783506065607071,0.041066017001867294,0.12858723104000092
287,0.024421479552984238,0.007779500912874937,0.041063446551561356,0.12854526937007904
288,0.024418294429779053,0.00777567271143198,0.0410609245300293,0.128503680229187
289,0.024415206164121628,0.007771975826472044,0.04105843976140022,0.12846270203590393
290,0.02441217377781868,0.007768355309963226,0.04105599224567413,0.12842239439487457
291,0.02440919354557991,0.007764783222228289,0.04105360433459282,0.12838318943977356
292,0.024406300857663155,0.007761290762573481,0.04105129465460777,0.12834550440311432
293,0.024403447285294533,0.007757885381579399,0.041049014776945114,0.128308966755867
294,0.02440064400434494,0.007754503283649683,0.04104677960276604,0.12827304005622864
295,0.02439775876700878,0.007750985212624073,0.04104453697800636,0.128236785531044
296,0.02439473196864128,0.007747214753180742,0.04104224219918251,0.12819956243038177
297,0.024391617625951767,0.007743340451270342,0.04103989526629448,0.12816141545772552
298,0.024388544261455536,0.007739566266536713,0.041037529706954956,0.12812280654907227
299,0.02438555844128132,0.007735936902463436,0.04103517532348633,0.12808403372764587
300,0.024382632225751877,0.007732383906841278,0.041032858192920685,0.12804506719112396
301,0.024379722774028778,0.007728865835815668,0.04103057458996773,0.12800635397434235
302,0.024376846849918365,0.007725369650870562,0.04102831706404686,0.12796811759471893
303,0.02437400631606579,0.007721894886344671,0.04102611541748047,0.1279306709766388
304,0.024371176958084106,0.007718418724834919,0.04102393984794617,0.12789416313171387
305,0.02436833269894123,0.0077148848213255405,0.041021764278411865,0.12785805761814117
306,0.02436542697250843,0.007711237296462059,0.04101961478590965,0.1278221160173416
307,0.024362463504076004,0.007707484997808933,0.04101743921637535,0.1277858465909958
308,0.024359483271837234,0.007703724317252636,0.04101524502038956,0.12774915993213654
309,0.024356530979275703,0.007700026500970125,0.04101305454969406,0.12771214544773102
310,0.0243536327034235,0.007696400862187147,0.04101086035370827,0.12767483294010162
311,0.024350756779313087,0.007692812010645866,0.04100870341062546,0.1276373267173767
312,0.024347905069589615,0.007689244579523802,0.04100656509399414,0.127599835395813
313,0.024345068261027336,0.007685684133321047,0.041004445403814316,0.12756261229515076
314,0.024342240765690804,0.0076821171678602695,0.04100234434008598,0.1275257170200348
315,0.024339407682418823,0.007678533438593149,0.04100029543042183,0.12748928368091583
316,0.024336574599146843,0.007674900349229574,0.040998250246047974,0.12745319306850433
317,0.02433370053768158,0.007671210449188948,0.040996208786964417,0.12741719186306
318,0.02433081530034542,0.007667471654713154,0.04099417105317116,0.12738119065761566
319,0.024327918887138367,0.007663716562092304,0.0409921258687973,0.1273449957370758
320,0.024325033649802208,0.007659974507987499,0.040990088135004044,0.12730856239795685
321,0.02432216703891754,0.0076562585309147835,0.04098806902766228,0.12727190554141998
322,0.02431930974125862,0.007652562577277422,0.0409860722720623,0.12723508477210999
323,0.02431647479534149,0.00764887360855937,0.04098407179117203,0.1271982491016388
324,0.024313637986779213,0.007645186968147755,0.04098209738731384,0.12716147303581238
325,0.024310817942023277,0.0076414900831878185,0.04098014533519745,0.12712490558624268
326,0.024307992309331894,0.0076377722434699535,0.04097820445895195,0.1270885318517685
327,0.02430516853928566,0.007634030655026436,0.040976304560899734,0.1270524114370346
328,0.02430231310427189,0.007630253676325083,0.04097439721226692,0.12701651453971863
329,0.02429947257041931,0.007626440841704607,0.04097248986363411,0.1269807070493698
330,0.02429661527276039,0.00762261264026165,0.040970608592033386,0.1269449144601822
331,0.02429375983774662,0.007618774194270372,0.04096873477101326,0.12690916657447815
332,0.024290913715958595,0.007614945527166128,0.04096687212586403,0.1268734484910965
333,0.024288073182106018,0.007611116860061884,0.04096502065658569,0.12683776021003723
334,0.024285245686769485,0.0076072970405220985,0.04096318781375885,0.12680228054523468
335,0.024282420054078102,0.0076034762896597385,0.040961358696222305,0.12676697969436646
336,0.024279601871967316,0.007599647156894207,0.04095955193042755,0.12673208117485046
337,0.02427678555250168,0.0075958105735480785,0.04095776006579399,0.12669752538204193
338,0.02427396923303604,0.007591956295073032,0.04095599055290222,0.12666359543800354
339,0.024271160364151,0.007588083855807781,0.04095423221588135,0.1266302764415741
340,0.024268340319395065,0.007584193721413612,0.040952496230602264,0.12659752368927002
341,0.02426552213728428,0.007580291014164686,0.04095076397061348,0.1265653669834137
342,0.024262700229883194,0.0075763831846416,0.04094904288649559,0.1265338659286499
343,0.024259895086288452,0.007572473492473364,0.0409473180770874,0.12650303542613983
344,0.024257106706500053,0.007568572647869587,0.0409456342458725,0.12647289037704468
345,0.024254310876131058,0.007564671337604523,0.04094395413994789,0.12644359469413757
346,0.024251529946923256,0.007560769096016884,0.04094228520989418,0.1264151781797409
347,0.024248749017715454,0.007556862197816372,0.04094063490629196,0.12638762593269348
348,0.024245966225862503,0.007552933879196644,0.040939003229141235,0.12636107206344604
349,0.024243175983428955,0.007548979949206114,0.04093736410140991,0.12633530795574188
350,0.024240370839834213,0.007544978056102991,0.040935758501291275,0.1263103038072586
351,0.02423754520714283,0.007540924474596977,0.04093415290117264,0.12628576159477234
352,0.024234678596258163,0.007536810822784901,0.040932562202215195,0.12626145780086517
353,0.02423180267214775,0.00753262871876359,0.04093096777796745,0.1262371689081192
354,0.024228880181908607,0.007528387475758791,0.0409293957054615,0.1262127012014389
355,0.024225948378443718,0.007524082902818918,0.040927816182374954,0.1261880248785019
356,0.02422298491001129,0.007519723381847143,0.040926236659288406,0.12616315484046936
357,0.024219991639256477,0.007515315432101488,0.04092468321323395,0.12613819539546967
358,0.024216998368501663,0.007510857190936804,0.04092312976717949,0.12611328065395355
359,0.024213971570134163,0.0075063505209982395,0.040921587496995926,0.126088485121727
360,0.02421092987060547,0.007501786574721336,0.040920060127973557,0.1260639876127243
361,0.024207863956689835,0.007497168146073818,0.040918558835983276,0.12603968381881714
362,0.02420477196574211,0.007492490578442812,0.04091706499457359,0.126015767455101
363,0.024201665073633194,0.007487752009183168,0.040915586054325104,0.12599226832389832
364,0.024198532104492188,0.0074829463846981525,0.040914129465818405,0.1259690821170807
365,0.024195384234189987,0.007478079292923212,0.0409126877784729,0.12594632804393768
366,0.024192210286855698,0.007473146077245474,0.04091126471757889,0.12592394649982452
367,0.024189017713069916,0.007468153722584248,0.04090987145900726,0.12590192258358002
368,0.024185802787542343,0.007463101763278246,0.04090850427746773,0.12588025629520416
369,0.024182569235563278,0.007457996252924204,0.04090716317296028,0.1258590817451477
370,0.02417934127151966,0.007452832534909248,0.04090583696961403,0.12583838403224945
371,0.02417607791721821,0.007447616662830114,0.04090455174446106,0.125818133354187
372,0.024172814562916756,0.007442346774041653,0.040903277695178986,0.12579838931560516
373,0.024169526994228363,0.007437022868543863,0.0409020334482193,0.12577924132347107
374,0.024166228249669075,0.007431641221046448,0.040900833904743195,0.12576071918010712
375,0.02416291832923889,0.00742620462551713,0.04089962691068649,0.12574276328086853
376,0.024159589782357216,0.007420708425343037,0.040898460894823074,0.1257254034280777
377,0.02415623515844345,0.007415150757879019,0.040897320955991745,0.12570875883102417
378,0.02415286935865879,0.007409525569528341,0.0408962145447731,0.12569275498390198
379,0.024149475619196892,0.007403840310871601,0.04089511185884476,0.1256774514913559
380,0.02414606139063835,0.007398073095828295,0.040894050151109695,0.12566272914409637
381,0.024142613634467125,0.007392231374979019,0.04089299216866493,0.12564867734909058
382,0.02413914166390896,0.007386308163404465,0.04089197516441345,0.12563523650169373
383,0.024135632440447807,0.007380296941846609,0.04089096188545227,0.1256224364042282
384,0.02413209341466427,0.007374199572950602,0.04088997468352318,0.12561021745204926
385,0.024128500372171402,0.007368001621216536,0.040889013558626175,0.1255984902381897
386,0.024124886840581894,0.007361707743257284,0.04088806360960007,0.12558728456497192
387,0.024121226742863655,0.0073553090915083885,0.040887124836444855,0.12557655572891235
388,0.02411751262843609,0.007348804268985987,0.04088621586561203,0.12556622922420502
389,0.024113748222589493,0.007342194672673941,0.0408853143453598,0.12555637955665588
390,0.02410994842648506,0.007335478439927101,0.04088442772626877,0.1255468726158142
391,0.0241061020642519,0.007328653708100319,0.04088355228304863,0.12553778290748596
392,0.02410220541059971,0.0073217242024838924,0.04088269919157028,0.12552906572818756
393,0.02409827522933483,0.007314689457416534,0.040881846100091934,0.12552061676979065
394,0.024094292894005775,0.007307555992156267,0.04088101536035538,0.12551255524158478
395,0.02409026026725769,0.007300317753106356,0.040880199521780014,0.12550479173660278
396,0.024086184799671173,0.007292977534234524,0.040879398584365845,0.12549734115600586
397,0.024082059040665627,0.007285533472895622,0.04087858647108078,0.125490203499794
398,0.02407788671553135,0.007277980446815491,0.040877800434827805,0.12548337876796722
399,0.02407366968691349,0.007270315196365118,0.040877025574445724,0.12547676265239716
400,0.024069391191005707,0.007262529339641333,0.040876246988773346,0.1254703849554062
401,0.024065058678388596,0.007254616357386112,0.040875501930713654,0.12546418607234955
402,0.02406066656112671,0.007246579974889755,0.04087476432323456,0.12545818090438843
403,0.024056244641542435,0.007238449994474649,0.04087403789162636,0.12545232474803925
404,0.02405182085931301,0.007230295799672604,0.04087334871292114,0.12544678151607513
405,0.024047458544373512,0.0072222244925796986,0.04087269306182861,0.12544170022010803
406,0.024043181911110878,0.007214300334453583,0.04087204858660698,0.12543722987174988
407,0.02403896674513817,0.007206504233181477,0.040871426463127136,0.12543334066867828
408,0.02403477020561695,0.007198740262538195,0.0408707819879055,0.12542995810508728
409,0.024030521512031555,0.007190919481217861,0.040870118886232376,0.12542681396007538
410,0.024026215076446533,0.007183005567640066,0.04086943715810776,0.12542381882667542
411,0.024021849036216736,0.007174993399530649,0.04086872935295105,0.12542076408863068
412,0.0240174550563097,0.007166912313550711,0.04086798429489136,0.1254178285598755
413,0.024013010784983635,0.007158780470490456,0.04086723551154137,0.12541493773460388
414,0.024008555337786674,0.007150627207010984,0.040866486728191376,0.12541209161281586
415,0.024004092440009117,0.007142453454434872,0.04086571931838989,0.1254093050956726
416,0.023999614641070366,0.007134287618100643,0.04086493328213692,0.12540647387504578
417,0.02399514988064766,0.00712612783536315,0.04086415842175484,0.12540371716022491
418,0.023990672081708908,0.007117992267012596,0.040863364934921265,0.12540090084075928
419,0.02398620918393135,0.00710987439379096,0.0408625565469265,0.12539809942245483
420,0.02398175373673439,0.007101788651198149,0.04086172580718994,0.1253950297832489
421,0.023977303877472878,0.007093735970556736,0.040860872715711594,0.12539193034172058
422,0.023972857743501663,0.007085722405463457,0.04086001217365265,0.12538853287696838
423,0.023968426510691643,0.007077745161950588,0.04085911810398102,0.1253848820924759
424,0.02396400459110737,0.007069807965308428,0.040858205407857895,0.12538091838359833
425,0.023959588259458542,0.007061910815536976,0.04085726663470268,0.1253766119480133
426,0.023955173790454865,0.007054055575281382,0.04085629805922508,0.12537185847759247
427,0.02395077608525753,0.007046245038509369,0.0408552922308445,0.1253667175769806
428,0.023946374654769897,0.007038477808237076,0.04085425287485123,0.1253611296415329
429,0.023941978812217712,0.007030750159174204,0.04085320606827736,0.1253550946712494
430,0.02393760345876217,0.0070230718702077866,0.04085211828351021,0.12534862756729126
431,0.023933211341500282,0.007015435956418514,0.04085100069642067,0.1253417283296585
432,0.023928845301270485,0.0070078447461128235,0.040849845856428146,0.12533439695835114
433,0.023924482986330986,0.007000301964581013,0.04084866866469383,0.12532661855220795
434,0.023920126259326935,0.006992802955210209,0.040847450494766235,0.12531845271587372
435,0.02391577512025833,0.0069853500463068485,0.04084619879722595,0.12530991435050964
436,0.023911433294415474,0.006977947894483805,0.04084492847323418,0.1253010481595993
437,0.02390710823237896,0.006970592308789492,0.040843620896339417,0.12529180943965912
438,0.023902786895632744,0.0069632818922400475,0.040842290967702866,0.12528231739997864
439,0.023898480460047722,0.006956024561077356,0.040840938687324524,0.1252724677324295
440,0.023894179612398148,0.006948813796043396,0.0408395454287529,0.12526243925094604
441,0.023889897391200066,0.0069416542537510395,0.04083814471960068,0.1252521425485611
442,0.02388562075793743,0.006934542208909988,0.04083668440580368,0.12524160742759705
443,0.023881351575255394,0.006927482318133116,0.040835216641426086,0.12523093819618225
444,0.023877093568444252,0.006920475512742996,0.040833715349435806,0.12522007524967194
445,0.023872852325439453,0.006913519464433193,0.040832191705703735,0.12520912289619446
446,0.023868625983595848,0.0069066123105585575,0.040830645710229874,0.12519803643226624
447,0.023864414542913437,0.006899761501699686,0.040829066187143326,0.12518692016601562
448,0.023860210552811623,0.006892966106534004,0.040827468037605286,0.12517575919628143
449,0.023856032639741898,0.006886217277497053,0.040825843811035156,0.12516464293003082
450,0.02385186031460762,0.006879527121782303,0.04082419350743294,0.1251535266637802
451,0.023847704753279686,0.006872891914099455,0.040822528302669525,0.125142440199852
452,0.02384357526898384,0.00686631677672267,0.04082081839442253,0.12513142824172974
453,0.023839455097913742,0.00685979425907135,0.040819115936756134,0.12512055039405823
454,0.023835355415940285,0.006853331346064806,0.04081738740205765,0.12510985136032104
455,0.023831283673644066,0.006846933159977198,0.040815629065036774,0.1250993311405182
456,0.02382722496986389,0.006840594112873077,0.04081385210156441,0.12508894503116608
457,0.02382318675518036,0.006834318395704031,0.04081206023693085,0.12507887184619904
458,0.023819182068109512,0.00682810926809907,0.04081025719642639,0.12506890296936035
459,0.02381519414484501,0.006821961607784033,0.040808431804180145,0.12505924701690674
460,0.023811249062418938,0.0068158842623233795,0.040806591510772705,0.12504981458187103
461,0.02380731888115406,0.006809872575104237,0.04080475866794586,0.12504060566425323
462,0.023803409188985825,0.006803933996707201,0.04080289229750633,0.12503166496753693
463,0.023799549788236618,0.006798064336180687,0.0408010333776474,0.12502285838127136
464,0.023795710876584053,0.006792263127863407,0.040799159556627274,0.1250143200159073
465,0.023791905492544174,0.00678653921931982,0.040797267109155655,0.125005841255188
466,0.023788124322891235,0.006780883297324181,0.04079537093639374,0.124997578561306
467,0.023784393444657326,0.0067753116600215435,0.04079347103834152,0.12498940527439117
468,0.023780683055520058,0.006769817788153887,0.04079155996441841,0.12498144060373306
469,0.023777024820446968,0.006764409597963095,0.0407896414399147,0.12497369945049286
470,0.023773392662405968,0.006759086158126593,0.040787726640701294,0.12496621906757355
471,0.023769814521074295,0.006753846071660519,0.040785785764455795,0.12495896220207214
472,0.023766271770000458,0.006748690735548735,0.040783848613500595,0.12495195120573044
473,0.023762768134474754,0.006743615958839655,0.04078192263841629,0.12494503706693649
474,0.02375929057598114,0.006738616153597832,0.040779974311590195,0.12493821233510971
475,0.023755855858325958,0.006733679212629795,0.040778014808893204,0.12493106722831726
476,0.023752432316541672,0.0067287893034517765,0.04077607020735741,0.12492330372333527
477,0.02374902181327343,0.0067239366471767426,0.04077411815524101,0.12491475045681
478,0.02374563366174698,0.0067191035486757755,0.04077216237783432,0.12490496784448624
479,0.023742247372865677,0.006714291870594025,0.040770191699266434,0.12489375472068787
480,0.023738859221339226,0.006709499750286341,0.040768228471279144,0.12488127499818802
481,0.023735493421554565,0.006704738829284906,0.040766242891550064,0.12486754357814789
482,0.0237321425229311,0.006700029131025076,0.04076426476240158,0.12485296279191971
483,0.023728828877210617,0.006695371586829424,0.040762271732091904,0.12483777850866318
484,0.023725533857941628,0.00669078528881073,0.04076029732823372,0.12482212483882904
485,0.02372227981686592,0.006686266511678696,0.04075828194618225,0.12480627000331879
486,0.02371905744075775,0.006681819912046194,0.04075629264116287,0.12479034811258316
487,0.023715876042842865,0.006677446886897087,0.0407542884349823,0.12477429956197739
488,0.023712724447250366,0.006673139054328203,0.04075231775641441,0.12475813925266266
489,0.023709610104560852,0.006668898742645979,0.04075030982494354,0.12474200874567032
490,0.023706527426838875,0.006664717569947243,0.04074832797050476,0.12472573667764664
491,0.023703470826148987,0.006660597398877144,0.040746357291936874,0.12470946460962296
492,0.023700453341007233,0.006656532175838947,0.04074437543749809,0.12469311058521271
493,0.02369746007025242,0.006652523297816515,0.040742408484220505,0.12467661499977112
494,0.02369449846446514,0.006648564711213112,0.040740422904491425,0.12466006726026535
495,0.023691566661000252,0.006644656416028738,0.040738482028245926,0.12464343756437302
496,0.0236886627972126,0.006640799809247255,0.04073652625083923,0.12462671846151352
497,0.023685786873102188,0.006636987905949354,0.040734585374593735,0.12460990250110626
498,0.023682929575443268,0.006633220240473747,0.040732644498348236,0.12459294497966766
499,0.02368011325597763,0.006629499141126871,0.040730711072683334,0.12457598745822906
500,0.023677313700318336,0.006625819485634565,0.040728796273469925,0.12455888092517853
501,0.023674534633755684,0.006622180808335543,0.040726881474256516,0.12454178184270859
502,0.023671792820096016,0.006618580315262079,0.0407249853014946,0.12452458590269089
503,0.023669056594371796,0.006615024991333485,0.04072309657931328,0.12450732290744781
504,0.02366635762155056,0.006611505523324013,0.04072120413184166,0.12449001520872116
505,0.023663679137825966,0.006608025170862675,0.04071934521198273,0.12447264790534973
506,0.02366102859377861,0.0066045792773365974,0.0407174713909626,0.12445526570081711
507,0.023658398538827896,0.00660116970539093,0.04071562737226486,0.12443780153989792
508,0.023655790835618973,0.006597795989364386,0.04071378335356712,0.12442037463188171
509,0.023653201758861542,0.0065944562666118145,0.04071194678544998,0.12440288066864014
510,0.02365064062178135,0.006591148674488068,0.040710121393203735,0.12438536435365677
511,0.023648090660572052,0.00658787926658988,0.04070831462740898,0.12436790019273758
512,0.023645572364330292,0.006584641989320517,0.04070649296045303,0.12435031682252884
513,0.023643072694540024,0.006581437308341265,0.04070471599698067,0.12433278560638428
514,0.023640599101781845,0.006578261964023113,0.040702931582927704,0.12431526184082031
515,0.023638147860765457,0.006575126200914383,0.04070115461945534,0.12429774552583694
516,0.02363571524620056,0.006572021171450615,0.040699396282434464,0.12428019940853119
517,0.023633291944861412,0.00656895199790597,0.04069764167070389,0.12426261603832245
518,0.023630913347005844,0.006565922871232033,0.04069589450955391,0.1242450624704361
519,0.02362854965031147,0.006562931928783655,0.040694158524274826,0.12422755360603333
520,0.023626217618584633,0.006559987086802721,0.04069245606660843,0.1242099329829216
521,0.023623917251825333,0.006557098589837551,0.04069073125720024,0.12419230490922928
522,0.02362164855003357,0.006554282270371914,0.040689025074243546,0.1241745725274086
523,0.023619437590241432,0.006551553960889578,0.04068732634186745,0.12415668368339539
524,0.023617302998900414,0.0065489658154547215,0.040685638785362244,0.1241384819149971
525,0.02361528016626835,0.00654660165309906,0.04068395867943764,0.12411975115537643
526,0.023613441735506058,0.006544587668031454,0.04068228229880333,0.12410005182027817
527,0.02361178956925869,0.006542987190186977,0.04068059101700783,0.12407916784286499
528,0.023609992116689682,0.006541188340634108,0.04067881032824516,0.12405767291784286
529,0.023607654497027397,0.00653831334784627,0.040676992386579514,0.12403708696365356
530,0.023604998365044594,0.006534647662192583,0.0406753309071064,0.12401867657899857
531,0.02360241301357746,0.0065310620702803135,0.04067376255989075,0.12400205433368683
532,0.023599844425916672,0.0065274713560938835,0.04067220911383629,0.12398575991392136
533,0.023597346618771553,0.006524033844470978,0.040670670568943024,0.1239696592092514
534,0.02359500341117382,0.006520889233797789,0.04066910967230797,0.1239539161324501
535,0.023592766374349594,0.0065179853700101376,0.04066755250096321,0.12393844127655029
536,0.023590611293911934,0.006515229120850563,0.04066599905490875,0.12392323464155197
537,0.023588508367538452,0.006512563209980726,0.04066445305943489,0.1239081546664238
538,0.023586422204971313,0.006509947124868631,0.040662914514541626,0.12389310449361801
539,0.02358436770737171,0.006507366430014372,0.04066137224435806,0.12387806177139282
540,0.02358231693506241,0.006504805292934179,0.0406598262488842,0.12386304885149002
541,0.0235802810639143,0.006502258591353893,0.040658291429281235,0.12384799122810364
542,0.023578250780701637,0.006499726325273514,0.040656767785549164,0.12383303046226501
543,0.02357623353600502,0.006497204303741455,0.040655240416526794,0.123818039894104
544,0.023574218153953552,0.006494696252048016,0.040653735399246216,0.1238030195236206
545,0.023572208359837532,0.006492195650935173,0.040652237832546234,0.12378808856010437
546,0.0235702246427536,0.006489709950983524,0.040650732815265656,0.12377322465181351
547,0.02356824092566967,0.006487238686531782,0.040649253875017166,0.12375837564468384
548,0.02356627769768238,0.006484776269644499,0.04064776748418808,0.12374359369277954
549,0.02356431446969509,0.006482331547886133,0.04064629226922989,0.12372884899377823
550,0.02356235682964325,0.00647989846765995,0.040644824504852295,0.12371417880058289
551,0.02356041967868805,0.006477477494627237,0.0406433641910553,0.12369958311319351
552,0.023558491840958595,0.006475069094449282,0.040641918778419495,0.12368504703044891
553,0.023556577041745186,0.0064726779237389565,0.04064047336578369,0.12367061525583267
554,0.02355467714369297,0.006470297463238239,0.040639039129018784,0.12365622818470001
555,0.023552769795060158,0.006467931903898716,0.040637608617544174,0.12364193052053452
556,0.023550886660814285,0.006465580780059099,0.04063619673252106,0.12362772971391678
557,0.023549020290374756,0.00646324222907424,0.04063478484749794,0.1236136257648468
558,0.023547150194644928,0.006460916716605425,0.04063340276479721,0.123599573969841
559,0.023545296862721443,0.0064586009830236435,0.04063199833035469,0.12358564138412476
560,0.023543450981378555,0.006456297356635332,0.04063060134649277,0.12357175350189209
561,0.023541614413261414,0.006454004906117916,0.04062923416495323,0.12355795502662659
562,0.023539796471595764,0.00645172456279397,0.0406278595328331,0.12354429066181183
563,0.023537974804639816,0.006449452135711908,0.04062650725245476,0.12353068590164185
564,0.023536162450909615,0.006447190418839455,0.04062514007091522,0.12351712584495544
565,0.023534364998340607,0.006444941274821758,0.04062379524111748,0.12350369244813919
566,0.023532569408416748,0.006442698650062084,0.040622442960739136,0.12349029630422592
567,0.02353079430758953,0.006440473720431328,0.04062110185623169,0.12347700446844101
568,0.023529019206762314,0.0064382608979940414,0.040619783103466034,0.12346375733613968
569,0.023527255281805992,0.006436062045395374,0.04061845317482948,0.1234506294131279
570,0.023525502532720566,0.006433876696974039,0.04061713442206383,0.1234375610947609
571,0.023523766547441483,0.0064317043870687485,0.04061582684516907,0.12342450767755508
572,0.02352203242480755,0.006429546978324652,0.04061451926827431,0.12341157346963882
573,0.02352031320333481,0.006427404470741749,0.04061322659254074,0.12339875102043152
574,0.023518605157732964,0.006425275467336178,0.040611930191516876,0.12338598072528839
575,0.023516900837421417,0.006423154380172491,0.04061064496636391,0.12337333709001541
576,0.023515207692980766,0.006421051453799009,0.04060937091708183,0.12336069345474243
577,0.02351353131234646,0.00641895504668355,0.040608104318380356,0.12334821373224258
578,0.023511845618486404,0.006416872143745422,0.040606822818517685,0.12333576381206512
579,0.02351018786430359,0.0064148022793233395,0.0406055748462677,0.12332344800233841
580,0.023508518934249878,0.006412740796804428,0.04060431197285652,0.1233111321926117
581,0.023506879806518555,0.006410691887140274,0.04060304909944534,0.1232989951968193
582,0.023505233228206635,0.006408654153347015,0.04060182347893715,0.12328683584928513
583,0.02350359782576561,0.006406627129763365,0.040600575506687164,0.12327484786510468
584,0.02350197173655033,0.006404605694115162,0.04059933125972748,0.1232629269361496
585,0.0235003549605608,0.00640259962528944,0.04059810936450958,0.12325109541416168
586,0.023498747497797012,0.006400602404028177,0.04059687629342079,0.12323928624391556
587,0.023497136309742928,0.00639861635863781,0.04059566557407379,0.12322758883237839
588,0.023495545610785484,0.006396637298166752,0.040594447404146194,0.12321602553129196
589,0.023493953049182892,0.00639466755092144,0.04059324041008949,0.12320450693368912
590,0.023492369800806046,0.006392708979547024,0.040592025965452194,0.12319302558898926
591,0.023490801453590393,0.006390760652720928,0.040590833872556686,0.12318167835474014
592,0.02348923496901989,0.006388820242136717,0.04058964550495148,0.1231703832745552
593,0.023487674072384834,0.006386891007423401,0.04058844968676567,0.12315919995307922
594,0.023486122488975525,0.0063849701546132565,0.04058725759387016,0.12314806878566742
595,0.023484578356146812,0.006383057683706284,0.040586087852716446,0.12313705682754517
596,0.0234830304980278,0.0063811540603637695,0.04058489948511124,0.12312605232000351
597,0.023481503129005432,0.006379261612892151,0.04058372974395752,0.12311508506536484
598,0.023479972034692764,0.006377376150339842,0.0405825711786747,0.12310431897640228
599,0.023478452116250992,0.006375500466674566,0.04058140516281128,0.12309353053569794
600,0.023476939648389816,0.006373633164912462,0.04058026149868965,0.12308282405138016
601,0.023475438356399536,0.006371773779392242,0.04057909920811653,0.12307223677635193
602,0.023473938927054405,0.006369924172759056,0.0405779592692852,0.1230616644024849
603,0.02347244881093502,0.0063680848106741905,0.04057681933045387,0.12305121123790741
604,0.023470962420105934,0.006366253364831209,0.04057567939162254,0.1230408176779747
605,0.023469487205147743,0.006364425644278526,0.04057453200221062,0.12303046137094498
606,0.023468017578125,0.006362612824887037,0.04057341068983078,0.12302026152610779
607,0.023466551676392555,0.006360804662108421,0.040572281926870346,0.12301003932952881
608,0.02346508391201496,0.006359003949910402,0.040571149438619614,0.12299990653991699
609,0.023463621735572815,0.006357211619615555,0.04057004302740097,0.12298985570669174
610,0.02346218191087246,0.006355429068207741,0.04056892544031143,0.12297981977462769
611,0.023460740223526955,0.006353651639074087,0.040567826479673386,0.12296990305185318
612,0.0234593003988266,0.006351884454488754,0.040566712617874146,0.12296006083488464
613,0.023457873612642288,0.006350125186145306,0.040565621107816696,0.12295020371675491
614,0.023456435650587082,0.006348377093672752,0.04056451469659805,0.12294048070907593
615,0.023455027490854263,0.006346630863845348,0.0405634306371212,0.1229308545589447
616,0.023453621193766594,0.006344892550259829,0.04056233912706375,0.12292122840881348
617,0.023452211171388626,0.006343164015561342,0.0405612513422966,0.1229117140173912
618,0.023450812324881554,0.006341444794088602,0.04056016355752945,0.12290218472480774
619,0.02344941347837448,0.006339728366583586,0.04055909812450409,0.12289275228977203
620,0.023448025807738304,0.006338023114949465,0.04055803641676903,0.12288340926170349
621,0.023446636274456978,0.006336323916912079,0.040556952357292175,0.12287415564060211
622,0.023445269092917442,0.0063346317037940025,0.040555886924266815,0.12286488711833954
623,0.023443887010216713,0.006332948803901672,0.040554825216531754,0.12285572290420532
624,0.02344251610338688,0.006331269629299641,0.04055376723408699,0.12284660339355469
625,0.02344115823507309,0.006329601630568504,0.040552712976932526,0.12283750623464584
626,0.023439807817339897,0.006327937822788954,0.04055166617035866,0.12282847613096237
627,0.02343844808638096,0.00632628146559,0.04055062308907509,0.12281957268714905
628,0.023437103256583214,0.0063246311619877815,0.040549591183662415,0.12281065434217453
629,0.023435771465301514,0.006322991568595171,0.04054854437708855,0.12280181795358658
630,0.023434434086084366,0.006321358028799295,0.04054749757051468,0.12279307097196579
631,0.023433102294802666,0.006319728214293718,0.0405464805662632,0.122784323990345
632,0.023431777954101562,0.006318106781691313,0.04054544121026993,0.1227756142616272
633,0.02343045547604561,0.006316491402685642,0.040544427931308746,0.12276696413755417
634,0.02342914417386055,0.006314883474260569,0.04054340720176697,0.12275847047567368
635,0.023427831009030342,0.006313280668109655,0.040542375296354294,0.12274990975856781
636,0.02342652715742588,0.006311687175184488,0.040541358292102814,0.1227414608001709
637,0.023425225168466568,0.006310100667178631,0.04054035246372223,0.12273302674293518
638,0.023423932492733,0.006308516021817923,0.040539342910051346,0.12272465974092484
639,0.023422641679644585,0.006306942086666822,0.04053834080696106,0.12271637469530106
640,0.023421354591846466,0.006305374205112457,0.04053734242916107,0.12270812690258026
641,0.023420078679919243,0.006303813308477402,0.040536344051361084,0.12269986420869827
642,0.023418810218572617,0.006302256602793932,0.04053535684943199,0.12269172072410583
643,0.023417532444000244,0.006300708744674921,0.04053435102105141,0.12268361449241638
644,0.023416271433234215,0.006299165077507496,0.04053337872028351,0.12267554551362991
645,0.023415006697177887,0.006297626066952944,0.040532395243644714,0.12266749888658524
646,0.023413754999637604,0.006296094506978989,0.04053140804171562,0.12265952676534653
647,0.02341250143945217,0.006294573191553354,0.04053042456507683,0.1226515993475914
648,0.023411251604557037,0.006293056067079306,0.04052944853901863,0.12264369428157806
649,0.02341001108288765,0.006291540805250406,0.04052848368883133,0.12263590842485428
650,0.02340877242386341,0.006290035787969828,0.04052751138806343,0.1226280927658081
651,0.02340754307806492,0.0062885344959795475,0.040526557713747025,0.1226203516125679
652,0.023406317457556725,0.006287041120231152,0.040525585412979126,0.12261264771223068
653,0.02340508997440338,0.006285553798079491,0.04052462801337242,0.12260501831769943
654,0.023403871804475784,0.006284069735556841,0.04052366688847542,0.12259738892316818
655,0.023402659222483635,0.006282595451921225,0.04052272439002991,0.12258980423212051
656,0.023401442915201187,0.0062811230309307575,0.0405217707157135,0.12258230149745941
657,0.023400243371725082,0.006279658060520887,0.04052082821726799,0.12257476896047592
658,0.023399043828248978,0.006278201937675476,0.04051988199353218,0.12256733328104019
659,0.023397846147418022,0.006276746746152639,0.04051893949508667,0.12255998700857162
660,0.023396650329232216,0.006275298539549112,0.04051799327135086,0.12255258858203888
661,0.023395465686917305,0.0062738568522036076,0.04051706939935684,0.12254530191421509
662,0.023394275456666946,0.006272420287132263,0.040516141802072525,0.12253803014755249
663,0.023393098264932632,0.006270991638302803,0.04051521420478821,0.12253077328205109
664,0.023391926661133766,0.006269564386457205,0.04051428660750389,0.12252364307641983
665,0.023390760645270348,0.006268146447837353,0.04051337018609047,0.12251649796962738
666,0.02338959276676178,0.0062667313031852245,0.04051244258880615,0.12250936776399612
667,0.023388424888253212,0.006265323143452406,0.040511537343263626,0.12250222265720367
668,0.02338726632297039,0.006263919174671173,0.04051060974597931,0.12249518185853958
669,0.023386109620332718,0.006262520793825388,0.04050970450043678,0.12248820811510086
670,0.023384956642985344,0.006261131260544062,0.04050879180431366,0.12248124182224274
671,0.023383820429444313,0.006259742192924023,0.04050789773464203,0.12247434258460999
672,0.023382673040032387,0.006258362904191017,0.040506985038518906,0.12246742844581604
673,0.023381544277071953,0.0062569850124418736,0.04050608351826668,0.12246059626340866
674,0.023380404338240623,0.006255611777305603,0.04050518199801445,0.12245380133390427
675,0.02337927557528019,0.006254246924072504,0.04050430282950401,0.12244702130556107
676,0.023378148674964905,0.006252886727452278,0.04050341621041298,0.12244033068418503
677,0.023377031087875366,0.0062515330500900745,0.04050252586603165,0.12243355810642242
678,0.02337590791285038,0.006250183563679457,0.040501631796360016,0.12242695689201355
679,0.02337479591369629,0.006248835474252701,0.04050075262784958,0.12242034077644348
680,0.023373685777187347,0.00624749343842268,0.04049986973404884,0.1224137395620346
681,0.023372579365968704,0.006246157921850681,0.040498998016119,0.12240718305110931
682,0.02337147295475006,0.006244829390197992,0.04049811512231827,0.1224006712436676
683,0.023370375856757164,0.006243504583835602,0.04049723967909813,0.12239415943622589
684,0.023369280621409416,0.006242184899747372,0.04049637168645859,0.12238769978284836
685,0.023368189111351967,0.006240868009626865,0.04049551486968994,0.12238133698701859
686,0.023367101326584816,0.0062395562417805195,0.0404946431517601,0.12237489223480225
687,0.023366015404462814,0.006238249130547047,0.04049378260970116,0.12236854434013367
688,0.02336493693292141,0.006236948538571596,0.04049292579293251,0.12236222624778748
689,0.023363860324025154,0.006235652603209019,0.04049207270145416,0.12235596030950546
690,0.0233627837151289,0.00623436039313674,0.040491219609975815,0.12234973907470703
691,0.02336171641945839,0.006233071908354759,0.04049036651849747,0.1223435327410698
692,0.02336065284907818,0.006231790408492088,0.040489520877599716,0.12233734875917435
693,0.023359589278697968,0.006230511236935854,0.04048867151141167,0.12233125418424606
694,0.023358536884188652,0.006229239050298929,0.040487825870513916,0.12232508510351181
695,0.023357480764389038,0.006227971985936165,0.04048698768019676,0.12231903523206711
696,0.02335643209517002,0.006226706318557262,0.04048614948987961,0.1223130077123642
697,0.023355375975370407,0.00622544577345252,0.040485311299562454,0.12230698019266129
698,0.02335433103144169,0.006224192213267088,0.0404844805598259,0.12230099737644196
699,0.023353291675448418,0.006222940050065517,0.04048364236950874,0.12229509651660919
700,0.023352261632680893,0.006221693940460682,0.04048282280564308,0.12228917330503464
701,0.02335122413933277,0.006220452021807432,0.04048198461532593,0.12228328734636307
702,0.023350192233920097,0.006219216622412205,0.04048117622733116,0.12227744609117508
703,0.02334916777908802,0.0062179830856621265,0.0404803529381752,0.1222715973854065
704,0.023348143324255943,0.006216753739863634,0.040479518473148346,0.12226586043834686
705,0.023347115144133568,0.006215526722371578,0.04047871753573418,0.12226008623838425
706,0.023346103727817535,0.006214308086782694,0.04047789052128792,0.12225434929132462
707,0.023345090448856354,0.006213091313838959,0.04047707840800285,0.12224861979484558
708,0.02334408089518547,0.006211881060153246,0.040476277470588684,0.12224305421113968
709,0.02334306761622429,0.006210671737790108,0.040475454181432724,0.12223736941814423
710,0.023342059925198555,0.00620946753770113,0.04047465696930885,0.12223178893327713
711,0.023341050371527672,0.006208267528563738,0.04047385975718498,0.12222624570131302
712,0.02334006130695343,0.006207069847732782,0.040473055094480515,0.12222069501876831
713,0.02333906851708889,0.006205881014466286,0.04047226160764694,0.12221520394086838
714,0.0233380775898695,0.006204691249877214,0.04047146067023277,0.12220973521471024
715,0.02333708666265011,0.006203509401530027,0.0404706671833992,0.12220434099435806
716,0.023336101323366165,0.00620232941582799,0.040469877421855927,0.12219890207052231
717,0.023335114121437073,0.0062011536210775375,0.04046907648444176,0.12219347059726715
718,0.023334132507443428,0.00619997875764966,0.04046830162405968,0.12218817323446274
719,0.023333165794610977,0.0061988127417862415,0.040467508137226105,0.12218282371759415
720,0.023332184180617332,0.006197648122906685,0.04046672210097313,0.12217757850885391
721,0.02333122119307518,0.006196488160640001,0.04046594724059105,0.12217234820127487
722,0.023330247029662132,0.006195329129695892,0.04046516865491867,0.12216711789369583
723,0.02332928776741028,0.006194176618009806,0.040464382618665695,0.12216192483901978
724,0.02332831546664238,0.006193025968968868,0.040463611483573914,0.1221567690372467
725,0.023327356204390526,0.006191880442202091,0.04046284034848213,0.12215163558721542
726,0.023326406255364418,0.006190738175064325,0.04046206176280975,0.12214653193950653
727,0.023325448855757713,0.006189599633216858,0.04046129435300827,0.12214144319295883
728,0.023324497044086456,0.006188464350998402,0.04046053811907768,0.1221364364027977
729,0.02332354709506035,0.006187335588037968,0.040459759533405304,0.12213143706321716
730,0.02332259900867939,0.006186205893754959,0.040459003299474716,0.12212640792131424
731,0.023321662098169327,0.006185081787407398,0.04045823961496353,0.12212146073579788
732,0.023320727050304413,0.0061839609406888485,0.04045747593045235,0.12211652845144272
733,0.02331978641450405,0.006182842887938023,0.04045672342181206,0.12211164832115173
734,0.02331884391605854,0.006181727629154921,0.04045596718788147,0.12210684269666672
735,0.023317914456129074,0.006180616561323404,0.04045521095395088,0.12210194766521454
736,0.02331698127090931,0.006179511081427336,0.04045446962118149,0.12209714204072952
737,0.02331606298685074,0.0061784060671925545,0.0404537133872509,0.12209238111972809
738,0.02331514097750187,0.006177306175231934,0.04045295715332031,0.12208770960569382
739,0.023314211517572403,0.0061762090772390366,0.04045221582055092,0.12208300083875656
740,0.02331329509615898,0.006175113841891289,0.04045148193836212,0.1220782920718193
741,0.02331237867474556,0.006174026057124138,0.040450721979141235,0.12207364290952682
742,0.023311465978622437,0.006172936875373125,0.04044998064637184,0.12206906825304031
743,0.023310553282499313,0.006171850021928549,0.040449246764183044,0.12206446379423141
744,0.02330964431166649,0.006170770153403282,0.040448516607284546,0.1220598816871643
745,0.023308735340833664,0.006169693544507027,0.040447771549224854,0.12205532193183899
746,0.023307841271162033,0.006168617866933346,0.040447041392326355,0.12205084413290024
747,0.02330693043768406,0.006167544983327389,0.040446314960718155,0.12204637378454208
748,0.023306023329496384,0.006166477221995592,0.040445584803819656,0.12204194068908691
749,0.02330513671040535,0.006165412720292807,0.04044485464692116,0.12203751504421234
750,0.02330424077808857,0.006164349149912596,0.04044413939118385,0.12203315645456314
751,0.023303339257836342,0.006163290236145258,0.04044340178370476,0.12202879041433334
752,0.023302456364035606,0.0061622317880392075,0.040442682802677155,0.12202446162700653
753,0.023301569744944572,0.006161179393529892,0.040441952645778656,0.12202014029026031
754,0.023300686851143837,0.0061601297929883,0.04044123739004135,0.12201589345932007
755,0.023299800232052803,0.0061590843833982944,0.04044051095843315,0.12201163917779922
756,0.023298919200897217,0.006158036179840565,0.040439803153276443,0.12200745940208435
757,0.02329804003238678,0.00615699915215373,0.04043908044695854,0.12200329452753067
758,0.023297162726521492,0.006155957467854023,0.040438372641801834,0.1219991073012352
759,0.023296291008591652,0.006154919974505901,0.040437664836645126,0.1219949796795845
760,0.023295419290661812,0.006153890397399664,0.04043694585561752,0.12199093401432037
761,0.02329455316066742,0.00615285849198699,0.04043623432517052,0.12198681384325027
762,0.02329367585480213,0.006151833105832338,0.04043552652001381,0.12198282778263092
763,0.02329281158745289,0.006150809116661549,0.0404348187148571,0.12197886407375336
764,0.023291949182748795,0.0061497874557971954,0.04043411463499069,0.12197484076023102
765,0.02329108491539955,0.006148768588900566,0.04043341800570488,0.12197087705135345
766,0.023290231823921204,0.00614775437861681,0.04043271020054817,0.12196696549654007
767,0.023289376869797707,0.006146739237010479,0.04043200612068176,0.1219630315899849
768,0.023288527503609657,0.006145730149000883,0.04043130204081535,0.12195921689271927
769,0.023287666961550713,0.006144722457975149,0.040430616587400436,0.12195533514022827
770,0.023286817595362663,0.00614371569827199,0.040429916232824326,0.12195154279470444
771,0.023285966366529465,0.006142715457826853,0.04042922705411911,0.1219477429986
772,0.023285120725631714,0.006141715683043003,0.0404285229742527,0.12194399535655975
773,0.02328427881002426,0.0061407205648720264,0.04042783007025719,0.12194027751684189
774,0.02328343875706196,0.006139726378023624,0.04042714461684227,0.12193655967712402
775,0.023282604292035103,0.006138734519481659,0.04042646661400795,0.12193290889263153
776,0.0232817605137825,0.00613774498924613,0.040425773710012436,0.12192924320697784
777,0.0232809167355299,0.006136760581284761,0.04042508080601692,0.12192562967538834
778,0.023280084133148193,0.006135772448033094,0.040424395352602005,0.12192199379205704
779,0.023279257118701935,0.0061347950249910355,0.04042372107505798,0.12191838771104813
780,0.02327842265367508,0.006133817136287689,0.040423035621643066,0.12191488593816757
781,0.02327760122716427,0.006132839247584343,0.04042234644293785,0.12191134691238403
782,0.023276766762137413,0.006131869275122881,0.04042166844010353,0.12190788984298706
783,0.02327595092356205,0.006130899302661419,0.04042098671197891,0.12190437316894531
784,0.023275120183825493,0.006129931192845106,0.04042031615972519,0.12190094590187073
785,0.023274298757314682,0.006128966808319092,0.04041964188218117,0.12189751118421555
786,0.02327348291873932,0.006128001492470503,0.04041895642876625,0.12189411371946335
787,0.023272665217518806,0.006127041764557362,0.040418293327093124,0.12189079076051712
788,0.023271849378943443,0.00612608389928937,0.0404176190495491,0.12188737094402313
789,0.02327103726565838,0.0061251274310052395,0.04041694477200508,0.12188407778739929
790,0.023270217701792717,0.0061241756193339825,0.040416277945041656,0.12188076227903366
791,0.023269416764378548,0.006123225670307875,0.040415599942207336,0.1218775063753128
792,0.023268606513738632,0.00612228037789464,0.04041492938995361,0.12187418341636658
793,0.023267803713679314,0.006121333688497543,0.040414270013570786,0.12187095731496811
794,0.023266999050974846,0.006120392587035894,0.04041359946131706,0.12186777591705322
795,0.023266194388270378,0.006119450554251671,0.04041295126080513,0.12186455726623535
796,0.02326539345085621,0.00611851504072547,0.04041226580739021,0.12186139076948166
797,0.023264598101377487,0.006117579992860556,0.040411610156297684,0.12185820937156677
798,0.023263799026608467,0.006116645410656929,0.04041096195578575,0.12185513228178024
799,0.023263003677129745,0.0061157154850661755,0.04041028767824173,0.12185204774141312
800,0.02326221391558647,0.006114788353443146,0.0404096283018589,0.12184891849756241
801,0.02326141856610775,0.006113863550126553,0.04040897637605667,0.12184583395719528
802,0.023260628804564476,0.006112941540777683,0.04040832072496414,0.12184280157089233
803,0.02325984463095665,0.006112024188041687,0.040407657623291016,0.12183977663516998
804,0.023259054869413376,0.006111107300966978,0.040407005697488785,0.12183677405118942
805,0.0232582725584507,0.0061101908795535564,0.040406353771686554,0.12183372676372528
806,0.02325749397277832,0.006109279114753008,0.040405698120594025,0.12183079868555069
807,0.023256707936525345,0.006108369678258896,0.0404050387442112,0.12182781100273132
808,0.023255929350852966,0.00610746257007122,0.04040440544486046,0.12182488292455673
809,0.02325514517724514,0.0061065577901899815,0.04040375351905823,0.12182193249464035
810,0.023254379630088806,0.00610565347597003,0.0404030978679657,0.12181897461414337
811,0.023253606632351875,0.006104751490056515,0.040402449667453766,0.12181604653596878
812,0.023252833634614944,0.006103856954723597,0.04040180519223213,0.12181319296360016
813,0.023252053186297417,0.006102959159761667,0.0404011607170105,0.12181026488542557
814,0.02325129322707653,0.006102066952735186,0.04040050879120827,0.12180744856595993
815,0.0232505202293396,0.006101172883063555,0.04039986804127693,0.1218046024441719
816,0.023249758407473564,0.006100283935666084,0.0403992235660553,0.12180174887180328
817,0.02324899286031723,0.006099393125623465,0.040398579090833664,0.12179886549711227
818,0.0232482198625803,0.006098506506532431,0.040397945791482925,0.12179607897996902
819,0.02324746362864971,0.00609761755913496,0.04039730131626129,0.1217932254076004
820,0.023246698081493378,0.006096732337027788,0.04039667174220085,0.12179048359394073
821,0.02324593998491764,0.006095845717936754,0.04039603844285011,0.12178769707679749
822,0.023245172575116158,0.006094959564507008,0.04039539769291878,0.12178488075733185
823,0.02324441447854042,0.006094073876738548,0.04039476066827774,0.12178213149309158
824,0.023243658244609833,0.006093190051615238,0.040394127368927,0.12177938222885132
825,0.023242894560098648,0.006092305760830641,0.040393486618995667,0.12177661806344986
826,0.02324213832616806,0.006091421470046043,0.04039285331964493,0.121773861348629
827,0.02324138768017292,0.006090537644922733,0.040392227470874786,0.12177114933729172
828,0.02324063330888748,0.006089656613767147,0.04039160534739494,0.12176843732595444
829,0.023239873349666595,0.0060887765139341354,0.040390972048044205,0.12176575511693954
830,0.023239120841026306,0.006087895017117262,0.040390342473983765,0.12176304310560226
831,0.023238370195031166,0.006087020039558411,0.04038972407579422,0.12176042795181274
832,0.02323761396110058,0.006086146458983421,0.04038909077644348,0.12175777554512024
833,0.023236876353621483,0.006085273809731007,0.04038846492767334,0.12175516784191132
834,0.02323612943291664,0.006084405351430178,0.040387846529483795,0.12175251543521881
835,0.023235388100147247,0.006083542015403509,0.04038723185658455,0.12174996733665466
836,0.0232346523553133,0.0060826800763607025,0.040386613458395004,0.12174735218286514
837,0.023233912885189056,0.006081817671656609,0.04038599506020546,0.12174477428197861
838,0.023233169689774513,0.0060809641145169735,0.04038538038730621,0.12174221128225327
839,0.023232435807585716,0.006080111488699913,0.04038476571440697,0.1217397153377533
840,0.02323170192539692,0.0060792602598667145,0.04038415104150772,0.12173714488744736
841,0.02323097176849842,0.006078412290662527,0.040383532643318176,0.12173465639352798
842,0.02323024719953537,0.006077567581087351,0.04038292169570923,0.12173214554786682
843,0.02322951890528202,0.006076726596802473,0.040382321923971176,0.12172964215278625
844,0.023228801786899567,0.006075888406485319,0.040381696075201035,0.12172719836235046
845,0.023228075355291367,0.006075051613152027,0.04038110002875328,0.12172471731901169
846,0.023227352648973465,0.006074216216802597,0.04038048908114433,0.1217222660779953
847,0.023226633667945862,0.006073385942727327,0.04037988930940628,0.12171981483697891
848,0.023225918412208557,0.006072556599974632,0.040379274636507034,0.12171733379364014
849,0.023225197568535805,0.006071728188544512,0.04037867486476898,0.12171486765146255
850,0.0232244860380888,0.006070904433727264,0.040378082543611526,0.12171252071857452
851,0.023223772644996643,0.006070083472877741,0.04037746414542198,0.12171012908220291
852,0.023223062977194786,0.006069266237318516,0.04037686437368393,0.12170769274234772
853,0.023222357034683228,0.0060684471391141415,0.04037626087665558,0.12170535326004028
854,0.023221656680107117,0.006067633628845215,0.04037566855549812,0.12170297652482986
855,0.02322094328701496,0.006066819652915001,0.04037506505846977,0.12170060724020004
856,0.023220237344503403,0.00606601033359766,0.040374476462602615,0.1216982901096344
857,0.023219535127282143,0.0060652014799416065,0.040373872965574265,0.12169593572616577
858,0.02321883849799633,0.006064398679882288,0.04037327319383621,0.12169358134269714
859,0.02321814000606537,0.006063597276806831,0.04037267342209816,0.12169130891561508
860,0.023217445239424706,0.006062797736376524,0.0403720922768116,0.12168903648853302
861,0.023216750472784042,0.006062003318220377,0.040371496230363846,0.12168670445680618
862,0.02321605756878853,0.006061206571757793,0.040370892733335495,0.12168444693088531
863,0.023215360939502716,0.006060417275875807,0.040370307862758636,0.12168221175670624
864,0.02321467734873295,0.006059630773961544,0.04036971181631088,0.12167996913194656
865,0.023213988170027733,0.006058846600353718,0.040369126945734024,0.12167774885892868
866,0.023213302716612816,0.006058065686374903,0.04036853834986687,0.12167558073997498
867,0.02321261540055275,0.006057288497686386,0.04036794230341911,0.12167339026927948
868,0.02321193926036358,0.006056514102965593,0.04036736115813255,0.12167124450206757
869,0.023211250081658363,0.006055745761841536,0.0403667651116848,0.12166911363601685
870,0.02321057766675949,0.00605497881770134,0.04036618024110794,0.12166697531938553
871,0.023209907114505768,0.006054218392819166,0.040365587919950485,0.12166489660739899
872,0.023209232836961746,0.006053461693227291,0.04036499932408333,0.12166285514831543
873,0.02320856600999832,0.006052711512893438,0.04036441817879677,0.12166081368923187
874,0.0232078917324543,0.006051964126527309,0.04036382585763931,0.12165875732898712
875,0.02320723794400692,0.006051224656403065,0.04036324843764305,0.12165673822164536
876,0.023206572979688644,0.00605049030855298,0.0403626523911953,0.12165480107069016
877,0.02320590801537037,0.006049766205251217,0.04036206379532814,0.12165281176567078
878,0.023205256089568138,0.006049048621207476,0.040361467748880386,0.121650829911232
879,0.023204615339636803,0.006048344541341066,0.04036089405417442,0.1216488853096962
880,0.02320397086441517,0.006047651171684265,0.04036029800772667,0.121646948158741
881,0.02320334129035473,0.0060469768941402435,0.040359701961278915,0.1216450184583664
882,0.023202722892165184,0.006046324037015438,0.040359120815992355,0.12164306640625
883,0.023202121257781982,0.006045698653906584,0.0403585284948349,0.12164109945297241
884,0.023201528936624527,0.006045112852007151,0.040357932448387146,0.12163899093866348
885,0.023200977593660355,0.006044589448720217,0.04035736247897148,0.12163690477609634
886,0.023200469091534615,0.006044160109013319,0.04035678133368492,0.12163468450307846
887,0.02320006489753723,0.006043886300176382,0.040356237441301346,0.12163247913122177
888,0.0231997799128294,0.006043821107596159,0.04035574570298195,0.12163063883781433
889,0.023199575021862984,0.00604386767372489,0.04035528376698494,0.12163074314594269
890,0.023199090734124184,0.006043452303856611,0.040354736149311066,0.12163428217172623
891,0.02319822832942009,0.00604241294786334,0.040354058146476746,0.12163881957530975
892,0.02319742739200592,0.006041436921805143,0.04035342112183571,0.12164247035980225
893,0.023196740075945854,0.00604062806814909,0.04035285860300064,0.12164536118507385
894,0.02319607511162758,0.0060398452915251255,0.04035230726003647,0.12164731323719025
895,0.023195412009954453,0.0060390280559659,0.040351785719394684,0.1216481551527977
896,0.02319471351802349,0.006038168910890818,0.0403512604534626,0.12164779007434845
897,0.02319401502609253,0.006037276703864336,0.04035074636340141,0.12164606899023056
898,0.023193303495645523,0.006036377977579832,0.04035022854804993,0.12164352089166641
899,0.023192597553133965,0.006035490892827511,0.04034970700740814,0.12164036184549332
900,0.023191899061203003,0.006034627556800842,0.04034917429089546,0.12163705378770828
901,0.023191213607788086,0.006033787038177252,0.040348634123802185,0.12163372337818146
902,0.023190533742308617,0.0060329739935696125,0.0403481051325798,0.12163057178258896
903,0.02318987436592579,0.006032182835042477,0.04034757241606712,0.12162762135267258
904,0.02318921498954296,0.00603141076862812,0.04034702852368355,0.12162487208843231
905,0.02318856492638588,0.006030651740729809,0.040346480906009674,0.12162231653928757
906,0.023187914863228798,0.006029905751347542,0.0403459370136261,0.12161998450756073
907,0.02318727783858776,0.006029166746884584,0.04034537822008133,0.12161774933338165
908,0.023186635226011276,0.006028434261679649,0.04034483805298805,0.1216157078742981
909,0.02318599447607994,0.006027710624039173,0.04034429416060448,0.1216137558221817
910,0.023185351863503456,0.006026986986398697,0.04034373164176941,0.12161188572645187
911,0.023184724152088165,0.006026269402354956,0.040343184024095535,0.12160999327898026
912,0.023184094578027725,0.006025546696037054,0.04034261777997017,0.12160814553499222
913,0.023183444514870644,0.0060248286463320255,0.04034208133816719,0.12160633504390717
914,0.023182811215519905,0.006024107336997986,0.040341515094041824,0.12160452455282211
915,0.02318216860294342,0.00602338369935751,0.04034096375107765,0.1216026097536087
916,0.023181529715657234,0.006022656336426735,0.04034040495753288,0.12160060554742813
917,0.023180894553661346,0.006021927110850811,0.04033985361456871,0.12159854173660278
918,0.023180246353149414,0.0060211909003555775,0.04033929854631424,0.12159639596939087
919,0.023179607465863228,0.006020451430231333,0.04033875837922096,0.12159412354230881
920,0.023178955540060997,0.006019705906510353,0.04033819958567619,0.12159173935651779
921,0.023178312927484512,0.0060189575888216496,0.040337659418582916,0.12158926576375961
922,0.02317766472697258,0.006018203217536211,0.04033712297677994,0.12158668041229248
923,0.023177018389105797,0.006017447914928198,0.04033658653497696,0.12158403545618057
924,0.023176372051239014,0.0060166907496750355,0.04033605754375458,0.12158133089542389
925,0.02317572757601738,0.006015930324792862,0.04033553972840309,0.12157854437828064
926,0.023175092414021492,0.006015172693878412,0.04033501073718071,0.1215757504105568
927,0.023174453526735306,0.006014411337673664,0.04033450037240982,0.12157294899225235
928,0.023173825815320015,0.0060136569663882256,0.040333982557058334,0.12157013267278671
929,0.02317318692803383,0.006012902595102787,0.04033347964286804,0.12156732380390167
930,0.023172559216618538,0.006012152414768934,0.04033297300338745,0.12156452983617783
931,0.023171935230493546,0.006011405494064093,0.04033246636390686,0.12156174331903458
932,0.02317131496965885,0.006010663229972124,0.04033197462558746,0.1215590238571167
933,0.023170698434114456,0.00600992189720273,0.04033146798610687,0.12155628949403763
934,0.023170078173279762,0.006009188015013933,0.04033098369836807,0.12155360728502274
935,0.023169470950961113,0.006008453667163849,0.040330495685338974,0.12155097723007202
936,0.023168861865997314,0.006007723044604063,0.04033001512289047,0.1215483695268631
937,0.023168260231614113,0.006006998009979725,0.04032950848340988,0.12154578417539597
938,0.023167653009295464,0.006006273906677961,0.04032903164625168,0.12154322862625122
939,0.023167043924331665,0.006005554925650358,0.04032855108380318,0.12154065072536469
940,0.023166444152593613,0.006004836410284042,0.04032805562019348,0.12153813242912292
941,0.02316584810614586,0.006004124414175749,0.04032757133245468,0.12153559923171997
942,0.023165252059698105,0.006003411952406168,0.04032709077000618,0.12153315544128418
943,0.02316465601325035,0.006002703215926886,0.04032659903168678,0.1215306967496872
944,0.023164063692092896,0.0060019963420927525,0.04032612964510918,0.12152820825576782
945,0.023163465782999992,0.006001293193548918,0.04032563418149948,0.12152578681707382
946,0.02316286787390709,0.006000590976327658,0.04032515734434128,0.12152337282896042
947,0.02316228300333023,0.0059998901560902596,0.040324676781892776,0.12152093648910522
948,0.023161696270108223,0.005999194923788309,0.040324192494153976,0.121518574655056
949,0.02316110208630562,0.005998499691486359,0.04032370448112488,0.12151619046926498
950,0.02316051535308361,0.005997807718813419,0.040323227643966675,0.12151383608579636
951,0.02315993420779705,0.005997118540108204,0.04032275453209877,0.12151146680116653
952,0.02315935678780079,0.005996430292725563,0.04032227396965027,0.12150918692350388
953,0.023158766329288483,0.0059957485646009445,0.04032178968191147,0.12150686234235764
954,0.02315818890929222,0.0059950645081698895,0.04032132029533386,0.12150459736585617
955,0.023157615214586258,0.005994389299303293,0.04032082483172417,0.1215023472905159
956,0.023157037794589996,0.005993712227791548,0.04032035544514656,0.1215001791715622
957,0.023156460374593735,0.005993042141199112,0.040319882333278656,0.1214979737997055
958,0.023155884817242622,0.005992375314235687,0.04031939432024956,0.12149585038423538
959,0.023155318573117256,0.00599171407520771,0.04031892493367195,0.12149380892515182
960,0.02315475046634674,0.005991057492792606,0.04031844437122345,0.12149179726839066
961,0.023154184222221375,0.005990402773022652,0.04031796753406525,0.12148982286453247
962,0.023153619840741158,0.005989754572510719,0.04031749814748764,0.12148790806531906
963,0.023153061047196388,0.00598911615088582,0.04031702131032944,0.1214861273765564
964,0.023152507841587067,0.005988482851535082,0.04031652957201004,0.12148433923721313
965,0.023151947185397148,0.005987853743135929,0.04031604900956154,0.12148264050483704
966,0.023151405155658722,0.005987232550978661,0.04031556472182274,0.12148098647594452
967,0.02315085008740425,0.005986616015434265,0.040315087884664536,0.12147942930459976
968,0.023150304332375526,0.00598600460216403,0.040314607322216034,0.12147785723209381
969,0.02314976043999195,0.005985388997942209,0.040314123034477234,0.12147623300552368
970,0.02314920350909233,0.00598477479070425,0.040313638746738434,0.12147452682256699
971,0.02314865216612816,0.005984148476272821,0.04031316936016083,0.12147262692451477
972,0.02314809337258339,0.005983507260680199,0.040312688797712326,0.12147044390439987
973,0.023147519677877426,0.0059828427620232105,0.04031220078468323,0.12146789580583572
974,0.023146934807300568,0.005982156377285719,0.040311720222234726,0.12146502733230591
975,0.023146355524659157,0.005981446709483862,0.04031125083565712,0.12146179378032684
976,0.023145752027630806,0.005980722140520811,0.040310800075531006,0.12145828455686569
977,0.0231451578438282,0.005979986395686865,0.0403103269636631,0.1214546412229538
978,0.02314455807209015,0.005979249719530344,0.04030986130237579,0.12145102024078369
979,0.023143963888287544,0.005978520028293133,0.04030940681695938,0.12144740670919418
980,0.023143380880355835,0.0059777977876365185,0.040308959782123566,0.12144390493631363
981,0.023142799735069275,0.005977083928883076,0.04030850902199745,0.12144050002098083
982,0.023142224177718163,0.005976378917694092,0.04030807316303253,0.12143724411725998
983,0.0231416467577219,0.005975685548037291,0.04030763357877731,0.12143407762050629
984,0.02314109355211258,0.005974997766315937,0.0403071790933609,0.12143100053071976
985,0.023140527307987213,0.005974312778562307,0.040306735783815384,0.12142802029848099
986,0.023139968514442444,0.005973638966679573,0.040306299924850464,0.12142504751682281
987,0.023139413446187973,0.005972965620458126,0.040305864065885544,0.12142220139503479
988,0.023138854652643204,0.005972301121801138,0.04030542075634003,0.12141937762498856
989,0.023138314485549927,0.005971632897853851,0.04030498489737511,0.12141657620668411
